{
    "$schema": "https://schema.management.azure.com/schemas/2015-01-01/deploymentTemplate.json#",
    "contentVersion": "1.0.0.0",
    "parameters": {
        "adminUsername": {
            "type": "string"
        },
        "adminPassword": {
            "type": "securestring"
        },
        "authenticationType": {
            "type": "string",
            "defaultValue": "sshPublicKey",
            "allowedValues": [
              "sshPublicKey",
              "password"
            ],
            "metadata": {
              "description": "Type of authentication to use on the Virtual Machine. SSH key is recommended."
            }
          }           
    },
    "variables": {
        "_location": "[resourceGroup().location]",
        "rsgUniqueStr": "[concat(substring(uniqueString(resourceGroup().id), 0, 4),'-')]",
        "mainName": "StdLab",
        "adminUsername": "[parameters('adminUsername')]",
        "adminPassword": "[parameters('adminPassword')]",
        "authenticationType": "[parameters('authenticationType')]",
        "addressPrefix": "10.12.0.0/16",
        "subnetName": "DefaultSubnet",
        "subnetPrefix": "10.12.0.0/24",
        "virtualNetworkName": "[concat(variables('rsgUniqueStr'),variables('mainName'),'-VNET')]",
        "subnetRef": "[resourceId('Microsoft.Network/virtualNetworks/subnets', variables('virtualNetworkName'), variables('subnetName'))]",
        "networkSecurityGroupName": "[concat(variables('rsgUniqueStr'),variables('mainName'),'-NSG')]",

        "availabilitySetName": "[concat(variables('rsgUniqueStr'),variables('mainName'),'-availabilitySet')]",
        "ServerName": "[concat(variables('rsgUniqueStr'),variables('mainName'),'-VM')]",
        "ServerPublicIPAddressName": "[concat(variables('rsgUniqueStr'),variables('mainName'),'-VM-PublicIP')]",
        "ServerNicName": "[concat(variables('rsgUniqueStr'),variables('mainName'),'-VM-NIC')]",
        "ServerDNSNameForPublicIP": "[toLower(variables('ServerName'))]",
        "linuxConfiguration": {
            "disablePasswordAuthentication": true,
            "ssh": {
                "publicKeys": [
                    {
                        "path": "[concat('/home/', variables('adminUsername'), '/.ssh/authorized_keys')]",
                        "keyData": "[variables('adminPassword')]"
                    }
                ]
            }
        },     

        "storageAccountName": "[toLower(concat(substring(uniqueString(resourceGroup().id), 0, 4),variables('mainName'),'stg'))]",
        "storageContainerUri": "[concat('https://', variables('storageAccountName'), '.blob.core.windows.net/', 'vhds/')]"
    },
    "resources": [
        {
            "apiVersion": "2018-10-01",
            "type": "Microsoft.Network/networkSecurityGroups",
            "name": "[variables('networkSecurityGroupName')]",
            "location": "[variables('_location')]",
            "properties": {
                "securityRules": [
                    {
                        "name": "HTTP",
                        "properties": {
                            "description": "Http",
                            "protocol": "Tcp",
                            "sourcePortRange": "*",
                            "destinationPortRange": "80",
                            "sourceAddressPrefix": "*",
                            "destinationAddressPrefix": "*",
                            "access": "Allow",
                            "priority": 100,
                            "direction": "Inbound"
                        }
                    },
                    {
                        "name": "HTTPS",
                        "properties": {
                            "protocol": "Tcp",
                            "sourcePortRange": "*",
                            "destinationPortRange": "443",
                            "sourceAddressPrefix": "*",
                            "destinationAddressPrefix": "*",
                            "access": "Allow",
                            "priority": 120,
                            "direction": "Inbound"
                        }
                    },
                        {
                        "name": "SSH",
                        "properties": {
                            "protocol": "Tcp",
                            "sourcePortRange": "*",
                            "destinationPortRange": "22",
                            "sourceAddressPrefix": "*",
                            "destinationAddressPrefix": "*",
                            "access": "Allow",
                            "priority": 140,
                            "direction": "Inbound"
                        }
                    },
                    {
                        "name": "Port_3000-3200",
                        "properties": {
                            "protocol": "*",
                            "sourcePortRange": "*",
                            "destinationPortRange": "3000-3200",
                            "sourceAddressPrefix": "*",
                            "destinationAddressPrefix": "*",
                            "access": "Allow",
                            "priority": 150,
                            "direction": "Inbound"
                        }
                    },
                    {
                        "name": "Port_8080",
                        "properties": {
                            "protocol": "*",
                            "sourcePortRange": "*",
                            "destinationPortRange": "8080",
                            "sourceAddressPrefix": "*",
                            "destinationAddressPrefix": "*",
                            "access": "Allow",
                            "priority": 160,
                            "direction": "Inbound"
                        }
                    },
                    {
                        "name": "Port_2222",
                        "properties": {
                            "protocol": "*",
                            "sourcePortRange": "*",
                            "destinationPortRange": "2222",
                            "sourceAddressPrefix": "*",
                            "destinationAddressPrefix": "*",
                            "access": "Allow",
                            "priority": 170,
                            "direction": "Inbound"
                        }
                    },
                    {
                        "name": "Port_5000",
                        "properties": {
                            "protocol": "*",
                            "sourcePortRange": "*",
                            "destinationPortRange": "5000",
                            "sourceAddressPrefix": "*",
                            "destinationAddressPrefix": "*",
                            "access": "Allow",
                            "priority": 180,
                            "direction": "Inbound"
                        }
                    }                                    
                ]
            }
        },        
        {
            "apiVersion": "2018-10-01",
            "type": "Microsoft.Network/virtualNetworks",
            "name": "[variables('virtualNetworkName')]",
            "location": "[variables('_location')]",
            "dependsOn": [
                "[concat('Microsoft.Network/networkSecurityGroups/', variables('networkSecurityGroupName'))]"
            ],        
            "properties": {
                "addressSpace": {
                    "addressPrefixes": [
                        "[variables('addressPrefix')]"
                    ]
                },
                "subnets": [
                    {
                        "name": "[variables('subnetName')]",
                        "properties": {
                            "addressPrefix": "[variables('subnetPrefix')]",
                            "networkSecurityGroup": {
                                "id": "[resourceId('Microsoft.Network/networkSecurityGroups', variables('networkSecurityGroupName'))]"
                            }
                        }
                    }
                ]
            }
        },

        {
            "apiVersion": "2018-07-01",
            "name": "[variables('storageAccountName')]",
            "type": "Microsoft.Storage/storageAccounts",
            "location": "[variables('_location')]",
            "properties": {},
            "kind": "Storage",
            "sku": {
                "name": "Standard_LRS"
            },
            "tags": {}
        },
        
        {
            "apiVersion": "2017-06-01",
            "type": "Microsoft.Network/publicIPAddresses",
            "name": "[variables('ServerpublicIPAddressName')]",
            "location": "[variables('_location')]",
            "properties": {
                "publicIPAllocationMethod": "Dynamic",
                "dnsSettings": {
                    "domainNameLabel": "[concat('lab',replace(variables('ServerdnsNameForPublicIP'),'-', ''))]"
                }
            }
        },
        {
            "apiVersion": "2018-04-01",
            "type": "Microsoft.Network/networkInterfaces",
            "name": "[variables('ServernicName')]",
            "location": "[variables('_location')]",
            "dependsOn": [
                "[concat('Microsoft.Network/publicIPAddresses/', variables('ServerpublicIPAddressName'))]",
                "[concat('Microsoft.Network/virtualNetworks/', variables('virtualNetworkName'))]"
            ],
            "properties": {
                "ipConfigurations": [
                    {
                        "name": "ipconfig1",
                        "properties": {
                            "privateIPAllocationMethod": "Dynamic",
                            "publicIPAddress": {
                                "id": "[resourceId('Microsoft.Network/publicIPAddresses', concat(variables('ServerpublicIPAddressName')))]"
                            },
                            "subnet": {
                                "id": "[variables('subnetRef')]"
                            }
                        }
                    }
                ]
            }
        },
        {
            "type": "Microsoft.Compute/availabilitySets",
            "name": "[variables('availabilitySetName')]",
            "apiVersion": "2018-06-01",
            "location": "[variables('_location')]",
            "properties": {
                "PlatformUpdateDomainCount": 3,
                "PlatformFaultDomainCount": 2
            },
            "sku": {
                "name": "Classic"
            }
        },                       
        {
            "apiVersion": "2018-04-01",
            "type": "Microsoft.Compute/virtualMachines",
            "name": "[variables('ServerName')]",
            "location": "[variables('_location')]",
            "dependsOn": [
                "[concat('Microsoft.Storage/storageAccounts/', variables('storageAccountName'))]",
                "[concat('Microsoft.Compute/availabilitySets/', variables('availabilitySetName'))]",
                "[concat('Microsoft.Network/networkInterfaces/', variables('ServernicName'))]"
            ],
            "properties": {
                "hardwareProfile": {
                    "vmSize": "Standard_B2s"
                },
                "osProfile": {
                    "computerName": "[variables('ServerName')]",
                    "adminUsername": "[variables('adminUsername')]",
                    "adminPassword": "[variables('adminPassword')]",
                    "linuxConfiguration": "[if(equals(variables('authenticationType'), 'password'), json('null'), variables('linuxConfiguration'))]"            
                },
                "storageProfile": {
                    "imageReference": {
                        "publisher": "Canonical",
                        "offer": "UbuntuServer",
                        "sku": "18.04-LTS",
                        "version": "latest"
                    },
                    "osDisk": {
                        "createOption": "FromImage",
                        "vhd":{
                            "uri": "[concat(variables('storageContainerUri'), variables('ServerName'), '.vhd')]"
                        },
                        "name": "[concat(variables('ServerName'))]"
                    }
                },
                "networkProfile": {
                    "networkInterfaces": [
                        {
                            "id": "[resourceId('Microsoft.Network/networkInterfaces', concat(variables('ServernicName')))]"
                        }
                    ]
                },
                "availabilitySet": {
                    "id": "[resourceId('Microsoft.Compute/availabilitySets',variables('availabilitySetName')) ]"
                }
            }
        },
        {
            "apiVersion": "2016-05-15",
            "type": "Microsoft.DevTestLab/schedules",
            "name": "[concat('shutdown-computevm-',variables('ServerName'))]",
            "location": "[variables('_location')]",

            "dependsOn": [
                "[concat('Microsoft.Compute/virtualMachines/',variables('ServerName'))]"
            ],
            "properties":{
                "status": "Enabled",
                "taskType": "ComputeVmShutdownTask",
                "dailyRecurrence": {
                    "time": "2300"
                },
                "timeZoneId": "Central Standard Time",
                "notificationSettings": {
                    "status": "Disabled",
                    "timeInMinutes": 30
                },
                "targetResourceId": "[resourceId('Microsoft.Compute/virtualMachines/',concat(variables('ServerName')))]"
            }
        }
    ],
    "outputs": {
    }
}